label,image,power,item-count,item-key
Cart Surfer,https://raw.githubusercontent.com/joshcanton6/card-jitsu-rscs/main/cards/Card-Jitsu_Cards_full_1.webp,,1,1
Coffee Shop,https://raw.githubusercontent.com/joshcanton6/card-jitsu-rscs/main/cards/Card-Jitsu_Cards_full_2.webp,,1,2
Astro-Barrier,https://raw.githubusercontent.com/joshcanton6/card-jitsu-rscs/main/cards/Card-Jitsu_Cards_full_3.webp,,1,3
Hot Chocolate,https://raw.githubusercontent.com/joshcanton6/card-jitsu-rscs/main/cards/Card-Jitsu_Cards_full_4.webp,,1,4
Landing Pad,https://raw.githubusercontent.com/joshcanton6/card-jitsu-rscs/main/cards/Card-Jitsu_Cards_full_5.webp,,1,5
Pizza Chef,https://raw.githubusercontent.com/joshcanton6/card-jitsu-rscs/main/cards/Card-Jitsu_Cards_full_6.webp,,1,6
Paint By Letters,https://raw.githubusercontent.com/joshcanton6/card-jitsu-rscs/main/cards/Card-Jitsu_Cards_full_7.webp,,1,7
Mine,https://raw.githubusercontent.com/joshcanton6/card-jitsu-rscs/main/cards/Card-Jitsu_Cards_full_8.webp,,1,8
Construction Worker,https://raw.githubusercontent.com/joshcanton6/card-jitsu-rscs/main/cards/Card-Jitsu_Cards_full_9.webp,,1,9
Jet Pack Adventure,https://raw.githubusercontent.com/joshcanton6/card-jitsu-rscs/main/cards/Card-Jitsu_Cards_full_10.webp,,1,10
Gift Shop,https://raw.githubusercontent.com/joshcanton6/card-jitsu-rscs/main/cards/Card-Jitsu_Cards_full_11.webp,,1,11
Hiking in the Forest,https://raw.githubusercontent.com/joshcanton6/card-jitsu-rscs/main/cards/Card-Jitsu_Cards_full_12.webp,,1,12
Rescue Squad,https://raw.githubusercontent.com/joshcanton6/card-jitsu-rscs/main/cards/Card-Jitsu_Cards_full_13.webp,,1,13
Pet Shop,https://raw.githubusercontent.com/joshcanton6/card-jitsu-rscs/main/cards/Card-Jitsu_Cards_full_14.webp,,1,14
Ski Village,https://raw.githubusercontent.com/joshcanton6/card-jitsu-rscs/main/cards/Card-Jitsu_Cards_full_15.webp,,1,15
Ice Hockey,https://raw.githubusercontent.com/joshcanton6/card-jitsu-rscs/main/cards/Card-Jitsu_Cards_full_16.webp,,1,16
Ski Hill,https://raw.githubusercontent.com/joshcanton6/card-jitsu-rscs/main/cards/Card-Jitsu_Cards_full_17.webp,,1,17
Snowball Fight,https://raw.githubusercontent.com/joshcanton6/card-jitsu-rscs/main/cards/Card-Jitsu_Cards_full_18.webp,,1,18
Snow Forts,https://raw.githubusercontent.com/joshcanton6/card-jitsu-rscs/main/cards/Card-Jitsu_Cards_full_19.webp,,1,19
Soccer,https://raw.githubusercontent.com/joshcanton6/card-jitsu-rscs/main/cards/Card-Jitsu_Cards_full_20.webp,,1,20
Beach,https://raw.githubusercontent.com/joshcanton6/card-jitsu-rscs/main/cards/Card-Jitsu_Cards_full_21.webp,,1,21
Football,https://raw.githubusercontent.com/joshcanton6/card-jitsu-rscs/main/cards/Card-Jitsu_Cards_full_22.webp,,1,22
Baseball,https://raw.githubusercontent.com/joshcanton6/card-jitsu-rscs/main/cards/Card-Jitsu_Cards_full_23.webp,,1,23
Emerald Princess,https://raw.githubusercontent.com/joshcanton6/card-jitsu-rscs/main/cards/Card-Jitsu_Cards_full_24.webp,,1,24
Bean Counters,https://raw.githubusercontent.com/joshcanton6/card-jitsu-rscs/main/cards/Card-Jitsu_Cards_full_25.webp,,1,25
Manhole Cover,https://raw.githubusercontent.com/joshcanton6/card-jitsu-rscs/main/cards/Card-Jitsu_Cards_full_26.webp,,1,26
Newspaper Archives,https://raw.githubusercontent.com/joshcanton6/card-jitsu-rscs/main/cards/Card-Jitsu_Cards_full_27.webp,,1,27
Underground Pool,https://raw.githubusercontent.com/joshcanton6/card-jitsu-rscs/main/cards/Card-Jitsu_Cards_full_28.webp,,1,28
Scuba Diving,https://raw.githubusercontent.com/joshcanton6/card-jitsu-rscs/main/cards/Card-Jitsu_Cards_full_29.webp,,1,29
Ice Fishing,https://raw.githubusercontent.com/joshcanton6/card-jitsu-rscs/main/cards/Card-Jitsu_Cards_full_30.webp,,1,30
Case of the Missing Coins,https://raw.githubusercontent.com/joshcanton6/card-jitsu-rscs/main/cards/Card-Jitsu_Cards_full_31.webp,,1,31
Crates and Boxes,https://raw.githubusercontent.com/joshcanton6/card-jitsu-rscs/main/cards/Card-Jitsu_Cards_full_32.webp,,1,32
Anvil Smith,https://raw.githubusercontent.com/joshcanton6/card-jitsu-rscs/main/cards/Card-Jitsu_Cards_full_33.webp,,1,33
Halloween,https://raw.githubusercontent.com/joshcanton6/card-jitsu-rscs/main/cards/Card-Jitsu_Cards_full_34.webp,,1,34
Knight,https://raw.githubusercontent.com/joshcanton6/card-jitsu-rscs/main/cards/Card-Jitsu_Cards_full_35.webp,,1,35
Black Puffle,https://raw.githubusercontent.com/joshcanton6/card-jitsu-rscs/main/cards/Card-Jitsu_Cards_full_36.webp,,2,36
Medieval Party,https://raw.githubusercontent.com/joshcanton6/card-jitsu-rscs/main/cards/Card-Jitsu_Cards_full_37.webp,,1,37
Blue Puffle,https://raw.githubusercontent.com/joshcanton6/card-jitsu-rscs/main/cards/Card-Jitsu_Cards_full_38.webp,,2,38
Pink Puffle,https://raw.githubusercontent.com/joshcanton6/card-jitsu-rscs/main/cards/Card-Jitsu_Cards_full_39.webp,,2,39
Green Puffle,https://raw.githubusercontent.com/joshcanton6/card-jitsu-rscs/main/cards/Card-Jitsu_Cards_full_40.webp,,2,40
Puffle Furniture,https://raw.githubusercontent.com/joshcanton6/card-jitsu-rscs/main/cards/Card-Jitsu_Cards_full_41.webp,,1,41
Purple Puffle,https://raw.githubusercontent.com/joshcanton6/card-jitsu-rscs/main/cards/Card-Jitsu_Cards_full_42.webp,,2,42
Red Puffle,https://raw.githubusercontent.com/joshcanton6/card-jitsu-rscs/main/cards/Card-Jitsu_Cards_full_43.webp,,2,43
Yellow Puffle,https://raw.githubusercontent.com/joshcanton6/card-jitsu-rscs/main/cards/Card-Jitsu_Cards_full_44.webp,,2,44
Summer Party,https://raw.githubusercontent.com/joshcanton6/card-jitsu-rscs/main/cards/Card-Jitsu_Cards_full_45.webp,,1,45
Gray Fish,https://raw.githubusercontent.com/joshcanton6/card-jitsu-rscs/main/cards/Card-Jitsu_Cards_full_46.webp,,1,46
O Berry,https://raw.githubusercontent.com/joshcanton6/card-jitsu-rscs/main/cards/Card-Jitsu_Cards_full_47.webp,,1,47
Life Ring,https://raw.githubusercontent.com/joshcanton6/card-jitsu-rscs/main/cards/Card-Jitsu_Cards_full_48.webp,,1,48
Jolly Roger Flag,https://raw.githubusercontent.com/joshcanton6/card-jitsu-rscs/main/cards/Card-Jitsu_Cards_full_49.webp,,1,49
Coins,https://raw.githubusercontent.com/joshcanton6/card-jitsu-rscs/main/cards/Card-Jitsu_Cards_full_50.webp,,1,50
Gary the Gadget Guy,https://raw.githubusercontent.com/joshcanton6/card-jitsu-rscs/main/cards/Card-Jitsu_Cards_full_51.webp,,1,51
Buoys,https://raw.githubusercontent.com/joshcanton6/card-jitsu-rscs/main/cards/Card-Jitsu_Cards_full_52.webp,,1,52
Yarr,https://raw.githubusercontent.com/joshcanton6/card-jitsu-rscs/main/cards/Card-Jitsu_Cards_full_53.webp,,1,53
Klutzy,https://raw.githubusercontent.com/joshcanton6/card-jitsu-rscs/main/cards/Card-Jitsu_Cards_full_54.webp,,1,54
Herbert P. Bear,https://raw.githubusercontent.com/joshcanton6/card-jitsu-rscs/main/cards/Card-Jitsu_Cards_full_55.webp,,1,55
Hot Sauce,https://raw.githubusercontent.com/joshcanton6/card-jitsu-rscs/main/cards/Card-Jitsu_Cards_full_56.webp,,1,56
Snow Castle,https://raw.githubusercontent.com/joshcanton6/card-jitsu-rscs/main/cards/Card-Jitsu_Cards_full_57.webp,,1,57
Aunt Arctic,https://raw.githubusercontent.com/joshcanton6/card-jitsu-rscs/main/cards/Card-Jitsu_Cards_full_58.webp,,1,58
Christmas Carols,https://raw.githubusercontent.com/joshcanton6/card-jitsu-rscs/main/cards/Card-Jitsu_Cards_full_59.webp,,1,59
Beta Party,https://raw.githubusercontent.com/joshcanton6/card-jitsu-rscs/main/cards/Card-Jitsu_Cards_full_60.webp,,1,60
Hidden Items,https://raw.githubusercontent.com/joshcanton6/card-jitsu-rscs/main/cards/Card-Jitsu_Cards_full_61.webp,,1,61
Secret Agent,https://raw.githubusercontent.com/joshcanton6/card-jitsu-rscs/main/cards/Card-Jitsu_Cards_full_62.webp,,1,62
Snow Shovel,https://raw.githubusercontent.com/joshcanton6/card-jitsu-rscs/main/cards/Card-Jitsu_Cards_full_63.webp,,1,63
The Migrator,https://raw.githubusercontent.com/joshcanton6/card-jitsu-rscs/main/cards/Card-Jitsu_Cards_full_64.webp,,1,64
Captain Rockhopper,https://raw.githubusercontent.com/joshcanton6/card-jitsu-rscs/main/cards/Card-Jitsu_Cards_full_65.webp,,1,65
Ice Cream,https://raw.githubusercontent.com/joshcanton6/card-jitsu-rscs/main/cards/Card-Jitsu_Cards_full_66.webp,,1,66
Mullet,https://raw.githubusercontent.com/joshcanton6/card-jitsu-rscs/main/cards/Card-Jitsu_Cards_full_67.webp,,1,67
Underground Flood,https://raw.githubusercontent.com/joshcanton6/card-jitsu-rscs/main/cards/Card-Jitsu_Cards_full_68.webp,,1,68
Fluffy the Fish,https://raw.githubusercontent.com/joshcanton6/card-jitsu-rscs/main/cards/Card-Jitsu_Cards_full_69.webp,,1,69
Shark,https://raw.githubusercontent.com/joshcanton6/card-jitsu-rscs/main/cards/Card-Jitsu_Cards_full_70.webp,,1,70
Flooring Upgrade,https://raw.githubusercontent.com/joshcanton6/card-jitsu-rscs/main/cards/Card-Jitsu_Cards_full_71.webp,https://raw.githubusercontent.com/joshcanton6/card-jitsu-rscs/main/powers/CJ_Block_Snow.webp,1,71
Gadget Room,https://raw.githubusercontent.com/joshcanton6/card-jitsu-rscs/main/cards/Card-Jitsu_Cards_full_72.webp,https://raw.githubusercontent.com/joshcanton6/card-jitsu-rscs/main/powers/CJ_Change_Water_to_Fire.webp,1,72
Jackhammer,https://raw.githubusercontent.com/joshcanton6/card-jitsu-rscs/main/cards/Card-Jitsu_Cards_full_73.webp,https://raw.githubusercontent.com/joshcanton6/card-jitsu-rscs/main/powers/CJ_Power_Reversal.webp,1,73
Jet Pack,https://raw.githubusercontent.com/joshcanton6/card-jitsu-rscs/main/cards/Card-Jitsu_Cards_full_74.webp,https://raw.githubusercontent.com/joshcanton6/card-jitsu-rscs/main/powers/CJ_Discard_Snow.webp,1,74
Thin Ice,https://raw.githubusercontent.com/joshcanton6/card-jitsu-rscs/main/cards/Card-Jitsu_Cards_full_75.webp,https://raw.githubusercontent.com/joshcanton6/card-jitsu-rscs/main/powers/CJ_Discard_Red_Card.webp,1,75
Night Vision Goggles,https://raw.githubusercontent.com/joshcanton6/card-jitsu-rscs/main/cards/Card-Jitsu_Cards_full_76.webp,https://raw.githubusercontent.com/joshcanton6/card-jitsu-rscs/main/powers/CJ_Discard_Yellow_Card.webp,1,76
Mighty Plunger,https://raw.githubusercontent.com/joshcanton6/card-jitsu-rscs/main/cards/Card-Jitsu_Cards_full_77.webp,https://raw.githubusercontent.com/joshcanton6/card-jitsu-rscs/main/powers/CJ_2_Power.webp,1,77
Dragon,https://raw.githubusercontent.com/joshcanton6/card-jitsu-rscs/main/cards/Card-Jitsu_Cards_full_78.webp,https://raw.githubusercontent.com/joshcanton6/card-jitsu-rscs/main/powers/CJ_-2_Power.webp,1,78
Space Adventure,https://raw.githubusercontent.com/joshcanton6/card-jitsu-rscs/main/cards/Card-Jitsu_Cards_full_79.webp,https://raw.githubusercontent.com/joshcanton6/card-jitsu-rscs/main/powers/CJ_Block_Water.webp,1,79
Tour Guide,https://raw.githubusercontent.com/joshcanton6/card-jitsu-rscs/main/cards/Card-Jitsu_Cards_full_80.webp,https://raw.githubusercontent.com/joshcanton6/card-jitsu-rscs/main/powers/CJ_Change_Fire_to_Snow.webp,1,80
Sled Racing,https://raw.githubusercontent.com/joshcanton6/card-jitsu-rscs/main/cards/Card-Jitsu_Cards_full_81.webp,https://raw.githubusercontent.com/joshcanton6/card-jitsu-rscs/main/powers/CJ_Power_Reversal.webp,1,81
Puffle Round-Up,https://raw.githubusercontent.com/joshcanton6/card-jitsu-rscs/main/cards/Card-Jitsu_Cards_full_82.webp,https://raw.githubusercontent.com/joshcanton6/card-jitsu-rscs/main/powers/CJ_Discard_Water.webp,2,82
AC3000,https://raw.githubusercontent.com/joshcanton6/card-jitsu-rscs/main/cards/Card-Jitsu_Cards_full_83.webp,https://raw.githubusercontent.com/joshcanton6/card-jitsu-rscs/main/powers/CJ_Discard_Green_Card.webp,1,83
Snow Globe Igloo,https://raw.githubusercontent.com/joshcanton6/card-jitsu-rscs/main/cards/Card-Jitsu_Cards_full_84.webp,https://raw.githubusercontent.com/joshcanton6/card-jitsu-rscs/main/powers/CJ_Discard_Purple_Card.webp,1,84
Shadow Guy & Gamma Gal,https://raw.githubusercontent.com/joshcanton6/card-jitsu-rscs/main/cards/Card-Jitsu_Cards_full_85.webp,https://raw.githubusercontent.com/joshcanton6/card-jitsu-rscs/main/powers/CJ_2_Power.webp,1,85
Avalanche,https://raw.githubusercontent.com/joshcanton6/card-jitsu-rscs/main/cards/Card-Jitsu_Cards_full_86.webp,https://raw.githubusercontent.com/joshcanton6/card-jitsu-rscs/main/powers/CJ_-2_Power.webp,1,86
Water Party,https://raw.githubusercontent.com/joshcanton6/card-jitsu-rscs/main/cards/Card-Jitsu_Cards_full_87.webp,https://raw.githubusercontent.com/joshcanton6/card-jitsu-rscs/main/powers/CJ_Block_Fire.webp,1,87
Catchin' Waves,https://raw.githubusercontent.com/joshcanton6/card-jitsu-rscs/main/cards/Card-Jitsu_Cards_full_88.webp,https://raw.githubusercontent.com/joshcanton6/card-jitsu-rscs/main/powers/CJ_Change_Snow_to_Water.webp,1,88
Firefighter,https://raw.githubusercontent.com/joshcanton6/card-jitsu-rscs/main/cards/Card-Jitsu_Cards_full_89.webp,https://raw.githubusercontent.com/joshcanton6/card-jitsu-rscs/main/powers/CJ_Power_Reversal.webp,1,89
Aqua Grabber,https://raw.githubusercontent.com/joshcanton6/card-jitsu-rscs/main/cards/Card-Jitsu_Cards_full_90.webp,https://raw.githubusercontent.com/joshcanton6/card-jitsu-rscs/main/powers/CJ_Discard_Fire.webp,1,90
Octopus,https://raw.githubusercontent.com/joshcanton6/card-jitsu-rscs/main/cards/Card-Jitsu_Cards_full_91.webp,https://raw.githubusercontent.com/joshcanton6/card-jitsu-rscs/main/powers/CJ_Discard_Blue_Card.webp,1,91
Cactus,https://raw.githubusercontent.com/joshcanton6/card-jitsu-rscs/main/cards/Card-Jitsu_Cards_full_92.webp,https://raw.githubusercontent.com/joshcanton6/card-jitsu-rscs/main/powers/CJ_Discard_Orange_Card.webp,1,92
Tipping the Iceberg,https://raw.githubusercontent.com/joshcanton6/card-jitsu-rscs/main/cards/Card-Jitsu_Cards_full_93.webp,https://raw.githubusercontent.com/joshcanton6/card-jitsu-rscs/main/powers/CJ_2_Power.webp,1,93
Ninja,https://raw.githubusercontent.com/joshcanton6/card-jitsu-rscs/main/cards/Card-Jitsu_Cards_full_94.webp,https://raw.githubusercontent.com/joshcanton6/card-jitsu-rscs/main/powers/CJ_-2_Power.webp,1,94
White Puffle,https://raw.githubusercontent.com/joshcanton6/card-jitsu-rscs/main/cards/Card-Jitsu_Cards_full_95.webp,https://raw.githubusercontent.com/joshcanton6/card-jitsu-rscs/main/powers/CJ_Discard_Yellow_Card.webp,2,95
Yarr,https://raw.githubusercontent.com/joshcanton6/card-jitsu-rscs/main/cards/Card-Jitsu_Cards_full_96.webp,https://raw.githubusercontent.com/joshcanton6/card-jitsu-rscs/main/powers/CJ_Discard_Snow.webp,2,96
Keeper of the Boiler Room,https://raw.githubusercontent.com/joshcanton6/card-jitsu-rscs/main/cards/Card-Jitsu_Cards_full_97.webp,https://raw.githubusercontent.com/joshcanton6/card-jitsu-rscs/main/powers/CJ_Discard_Green_Card.webp,2,97
Blast,https://raw.githubusercontent.com/joshcanton6/card-jitsu-rscs/main/cards/Card-Jitsu_Cards_full_98.webp,,2,98
Flare,https://raw.githubusercontent.com/joshcanton6/card-jitsu-rscs/main/cards/Card-Jitsu_Cards_full_99.webp,,2,99
Chirp,https://raw.githubusercontent.com/joshcanton6/card-jitsu-rscs/main/cards/Card-Jitsu_Cards_full_100.webp,,2,100
Pop,https://raw.githubusercontent.com/joshcanton6/card-jitsu-rscs/main/cards/Card-Jitsu_Cards_full_101.webp,,2,101
Loop,https://raw.githubusercontent.com/joshcanton6/card-jitsu-rscs/main/cards/Card-Jitsu_Cards_full_102.webp,,2,102
Flit,https://raw.githubusercontent.com/joshcanton6/card-jitsu-rscs/main/cards/Card-Jitsu_Cards_full_103.webp,,2,103
Bouncer,https://raw.githubusercontent.com/joshcanton6/card-jitsu-rscs/main/cards/Card-Jitsu_Cards_full_104.webp,,2,104
Ed McCool and Destructo,https://raw.githubusercontent.com/joshcanton6/card-jitsu-rscs/main/cards/Card-Jitsu_Cards_full_105.webp,,2,105
Niblet,https://raw.githubusercontent.com/joshcanton6/card-jitsu-rscs/main/cards/Card-Jitsu_Cards_full_106.webp,,2,106
Snowy Night,https://raw.githubusercontent.com/joshcanton6/card-jitsu-rscs/main/cards/Card-Jitsu_Cards_full_107.webp,,2,107
Puffles on the Loose,https://raw.githubusercontent.com/joshcanton6/card-jitsu-rscs/main/cards/Card-Jitsu_Cards_full_108.webp,,2,108
Cadence and the Keeper,https://raw.githubusercontent.com/joshcanton6/card-jitsu-rscs/main/cards/Card-Jitsu_Cards_full_109.webp,,2,109
Golden Puffle,https://raw.githubusercontent.com/joshcanton6/card-jitsu-rscs/main/cards/Card-Jitsu_Cards_full_110.webp,,2,110
Meteor Puffle,https://raw.githubusercontent.com/joshcanton6/card-jitsu-rscs/main/cards/Card-Jitsu_Cards_full_111.webp,,2,111
Rainbow Puffle,https://raw.githubusercontent.com/joshcanton6/card-jitsu-rscs/main/cards/Card-Jitsu_Cards_full_112.webp,,2,112
Abomidable Snow Puffle,https://raw.githubusercontent.com/joshcanton6/card-jitsu-rscs/main/cards/Card-Jitsu_Cards_full_113.webp,,2,113
Club Penguin Times,https://raw.githubusercontent.com/joshcanton6/card-jitsu-rscs/main/cards/Card-Jitsu_Cards_full_201.webp,,1,201
Can of Worms,https://raw.githubusercontent.com/joshcanton6/card-jitsu-rscs/main/cards/Card-Jitsu_Cards_full_202.webp,,1,202
Winter Fiesta Party,https://raw.githubusercontent.com/joshcanton6/card-jitsu-rscs/main/cards/Card-Jitsu_Cards_full_203.webp,,1,203
Invisible Ninja Suit,https://raw.githubusercontent.com/joshcanton6/card-jitsu-rscs/main/cards/Card-Jitsu_Cards_full_204.webp,,1,204
Penguin Mail,https://raw.githubusercontent.com/joshcanton6/card-jitsu-rscs/main/cards/Card-Jitsu_Cards_full_205.webp,,1,205
Bumble Bee,https://raw.githubusercontent.com/joshcanton6/card-jitsu-rscs/main/cards/Card-Jitsu_Cards_full_206.webp,,1,206
Pizzatron 3000,https://raw.githubusercontent.com/joshcanton6/card-jitsu-rscs/main/cards/Card-Jitsu_Cards_full_207.webp,,1,207
Card-Jitsu,https://raw.githubusercontent.com/joshcanton6/card-jitsu-rscs/main/cards/Card-Jitsu_Cards_full_208.webp,,1,208
Adopt-A-Puffle,https://raw.githubusercontent.com/joshcanton6/card-jitsu-rscs/main/cards/Card-Jitsu_Cards_full_209.webp,,1,209
Rock & Roll Suit,https://raw.githubusercontent.com/joshcanton6/card-jitsu-rscs/main/cards/Card-Jitsu_Cards_full_210.webp,,1,210
Construction,https://raw.githubusercontent.com/joshcanton6/card-jitsu-rscs/main/cards/Card-Jitsu_Cards_full_211.webp,,1,211
Hidden Pins,https://raw.githubusercontent.com/joshcanton6/card-jitsu-rscs/main/cards/Card-Jitsu_Cards_full_212.webp,,1,212
Treasure Hunt Game,https://raw.githubusercontent.com/joshcanton6/card-jitsu-rscs/main/cards/Card-Jitsu_Cards_full_213.webp,,1,213
DJ3K,https://raw.githubusercontent.com/joshcanton6/card-jitsu-rscs/main/cards/Card-Jitsu_Cards_full_214.webp,,1,214
Surf Boards,https://raw.githubusercontent.com/joshcanton6/card-jitsu-rscs/main/cards/Card-Jitsu_Cards_full_215.webp,,1,215
Beach Chair Chilling,https://raw.githubusercontent.com/joshcanton6/card-jitsu-rscs/main/cards/Card-Jitsu_Cards_full_216.webp,,1,216
Telescope,https://raw.githubusercontent.com/joshcanton6/card-jitsu-rscs/main/cards/Card-Jitsu_Cards_full_217.webp,,1,217
Fish Costume,https://raw.githubusercontent.com/joshcanton6/card-jitsu-rscs/main/cards/Card-Jitsu_Cards_full_218.webp,,1,218
Crow's Nest,https://raw.githubusercontent.com/joshcanton6/card-jitsu-rscs/main/cards/Card-Jitsu_Cards_full_219.webp,,1,219
The Cove,https://raw.githubusercontent.com/joshcanton6/card-jitsu-rscs/main/cards/Card-Jitsu_Cards_full_220.webp,,1,220
Captain's Quarters,https://raw.githubusercontent.com/joshcanton6/card-jitsu-rscs/main/cards/Card-Jitsu_Cards_full_221.webp,,1,221
Iceberg,https://raw.githubusercontent.com/joshcanton6/card-jitsu-rscs/main/cards/Card-Jitsu_Cards_full_222.webp,,1,222
The Lounge,https://raw.githubusercontent.com/joshcanton6/card-jitsu-rscs/main/cards/Card-Jitsu_Cards_full_223.webp,,1,223
Rockhopper's Key,https://raw.githubusercontent.com/joshcanton6/card-jitsu-rscs/main/cards/Card-Jitsu_Cards_full_224.webp,,1,224
Penguins That Time Forgot,https://raw.githubusercontent.com/joshcanton6/card-jitsu-rscs/main/cards/Card-Jitsu_Cards_full_225.webp,,1,225
Team Blue Rally,https://raw.githubusercontent.com/joshcanton6/card-jitsu-rscs/main/cards/Card-Jitsu_Cards_full_226.webp,,1,226
Jet Pack Adventure,https://raw.githubusercontent.com/joshcanton6/card-jitsu-rscs/main/cards/Card-Jitsu_Cards_full_227.webp,,1,227
Ruby and the Ruby,https://raw.githubusercontent.com/joshcanton6/card-jitsu-rscs/main/cards/Card-Jitsu_Cards_full_228.webp,,1,228
Snowball Fight,https://raw.githubusercontent.com/joshcanton6/card-jitsu-rscs/main/cards/Card-Jitsu_Cards_full_229.webp,,1,229
Snowball Press,https://raw.githubusercontent.com/joshcanton6/card-jitsu-rscs/main/cards/Card-Jitsu_Cards_full_230.webp,,1,230
Music Jam,https://raw.githubusercontent.com/joshcanton6/card-jitsu-rscs/main/cards/Card-Jitsu_Cards_full_231.webp,,1,231
Puffle Chew-Chew,https://raw.githubusercontent.com/joshcanton6/card-jitsu-rscs/main/cards/Card-Jitsu_Cards_full_232.webp,,1,232
Fairy Fables,https://raw.githubusercontent.com/joshcanton6/card-jitsu-rscs/main/cards/Card-Jitsu_Cards_full_233.webp,,1,233
Jelly Fish,https://raw.githubusercontent.com/joshcanton6/card-jitsu-rscs/main/cards/Card-Jitsu_Cards_full_234.webp,,1,234
Pirate,https://raw.githubusercontent.com/joshcanton6/card-jitsu-rscs/main/cards/Card-Jitsu_Cards_full_235.webp,,1,235
Fish Bait,https://raw.githubusercontent.com/joshcanton6/card-jitsu-rscs/main/cards/Card-Jitsu_Cards_full_236.webp,,1,236
Hydro Hopper,https://raw.githubusercontent.com/joshcanton6/card-jitsu-rscs/main/cards/Card-Jitsu_Cards_full_237.webp,,1,237
Puffle O's,https://raw.githubusercontent.com/joshcanton6/card-jitsu-rscs/main/cards/Card-Jitsu_Cards_full_238.webp,,1,238
Fall Fair Games,https://raw.githubusercontent.com/joshcanton6/card-jitsu-rscs/main/cards/Card-Jitsu_Cards_full_239.webp,,1,239
Thinga-ma-jig 3000,https://raw.githubusercontent.com/joshcanton6/card-jitsu-rscs/main/cards/Card-Jitsu_Cards_full_240.webp,,1,240
Rad Scientist,https://raw.githubusercontent.com/joshcanton6/card-jitsu-rscs/main/cards/Card-Jitsu_Cards_full_241.webp,,1,241
Quip and Qua,https://raw.githubusercontent.com/joshcanton6/card-jitsu-rscs/main/cards/Card-Jitsu_Cards_full_242.webp,,1,242
Twee,https://raw.githubusercontent.com/joshcanton6/card-jitsu-rscs/main/cards/Card-Jitsu_Cards_full_243.webp,,1,243
Coins for Change,https://raw.githubusercontent.com/joshcanton6/card-jitsu-rscs/main/cards/Card-Jitsu_Cards_full_244.webp,,1,244
Surfing with the Sharks,https://raw.githubusercontent.com/joshcanton6/card-jitsu-rscs/main/cards/Card-Jitsu_Cards_full_245.webp,,1,245
Dance Contest,https://raw.githubusercontent.com/joshcanton6/card-jitsu-rscs/main/cards/Card-Jitsu_Cards_full_246.webp,,1,246
Purple Octopus,https://raw.githubusercontent.com/joshcanton6/card-jitsu-rscs/main/cards/Card-Jitsu_Cards_full_247.webp,,1,247
Giant Squid,https://raw.githubusercontent.com/joshcanton6/card-jitsu-rscs/main/cards/Card-Jitsu_Cards_full_248.webp,,1,248
Penguin Band,https://raw.githubusercontent.com/joshcanton6/card-jitsu-rscs/main/cards/Card-Jitsu_Cards_full_249.webp,https://raw.githubusercontent.com/joshcanton6/card-jitsu-rscs/main/powers/CJ_Change_Water_to_Fire.webp,1,249
Dojo Sketch,https://raw.githubusercontent.com/joshcanton6/card-jitsu-rscs/main/cards/Card-Jitsu_Cards_full_250.webp,https://raw.githubusercontent.com/joshcanton6/card-jitsu-rscs/main/powers/CJ_Block_Snow.webp,1,250
Flare Flinger 3000,https://raw.githubusercontent.com/joshcanton6/card-jitsu-rscs/main/cards/Card-Jitsu_Cards_full_251.webp,https://raw.githubusercontent.com/joshcanton6/card-jitsu-rscs/main/powers/CJ_Discard_Red_Card.webp,1,251
Herbert & Klutzy,https://raw.githubusercontent.com/joshcanton6/card-jitsu-rscs/main/cards/Card-Jitsu_Cards_full_252.webp,https://raw.githubusercontent.com/joshcanton6/card-jitsu-rscs/main/powers/CJ_Discard_Orange_Card.webp,1,252
Coffee Delivery Truck,https://raw.githubusercontent.com/joshcanton6/card-jitsu-rscs/main/cards/Card-Jitsu_Cards_full_253.webp,https://raw.githubusercontent.com/joshcanton6/card-jitsu-rscs/main/powers/CJ_Block_Water.webp,1,253
Anniversary Party,https://raw.githubusercontent.com/joshcanton6/card-jitsu-rscs/main/cards/Card-Jitsu_Cards_full_254.webp,https://raw.githubusercontent.com/joshcanton6/card-jitsu-rscs/main/powers/CJ_Change_Fire_to_Snow.webp,1,254
Halloween Party,https://raw.githubusercontent.com/joshcanton6/card-jitsu-rscs/main/cards/Card-Jitsu_Cards_full_255.webp,https://raw.githubusercontent.com/joshcanton6/card-jitsu-rscs/main/powers/CJ_Discard_Water.webp,1,255
Sensei,https://raw.githubusercontent.com/joshcanton6/card-jitsu-rscs/main/cards/Card-Jitsu_Cards_full_256.webp,https://raw.githubusercontent.com/joshcanton6/card-jitsu-rscs/main/powers/CJ_Discard_Purple_Card.webp,1,256
Jackhammers,https://raw.githubusercontent.com/joshcanton6/card-jitsu-rscs/main/cards/Card-Jitsu_Cards_full_257.webp,https://raw.githubusercontent.com/joshcanton6/card-jitsu-rscs/main/powers/CJ_Discard_Blue_Card.webp,1,257
Quest for the Golden Puffle,https://raw.githubusercontent.com/joshcanton6/card-jitsu-rscs/main/cards/Card-Jitsu_Cards_full_258.webp,https://raw.githubusercontent.com/joshcanton6/card-jitsu-rscs/main/powers/CJ_Block_Fire.webp,1,258
Storm,https://raw.githubusercontent.com/joshcanton6/card-jitsu-rscs/main/cards/Card-Jitsu_Cards_full_259.webp,https://raw.githubusercontent.com/joshcanton6/card-jitsu-rscs/main/powers/CJ_Discard_Fire.webp,1,259
Rockhopper,https://raw.githubusercontent.com/joshcanton6/card-jitsu-rscs/main/cards/Card-Jitsu_Cards_full_260.webp,https://raw.githubusercontent.com/joshcanton6/card-jitsu-rscs/main/powers/CJ_Change_Snow_to_Water.webp,1,260
Camera,https://raw.githubusercontent.com/joshcanton6/card-jitsu-rscs/main/cards/Card-Jitsu_Cards_full_301.webp,,1,301
Wigs,https://raw.githubusercontent.com/joshcanton6/card-jitsu-rscs/main/cards/Card-Jitsu_Cards_full_302.webp,,1,302
Pizza Parlor,https://raw.githubusercontent.com/joshcanton6/card-jitsu-rscs/main/cards/Card-Jitsu_Cards_full_303.webp,,1,303
Coffee Machine,https://raw.githubusercontent.com/joshcanton6/card-jitsu-rscs/main/cards/Card-Jitsu_Cards_full_304.webp,,1,304
Costume Trunk,https://raw.githubusercontent.com/joshcanton6/card-jitsu-rscs/main/cards/Card-Jitsu_Cards_full_305.webp,,1,305
Pet Shop Staff,https://raw.githubusercontent.com/joshcanton6/card-jitsu-rscs/main/cards/Card-Jitsu_Cards_full_306.webp,,1,306
Stompin' Bob,https://raw.githubusercontent.com/joshcanton6/card-jitsu-rscs/main/cards/Card-Jitsu_Cards_full_307.webp,,1,307
G Billy,https://raw.githubusercontent.com/joshcanton6/card-jitsu-rscs/main/cards/Card-Jitsu_Cards_full_308.webp,,1,308
Outdoor Igloo,https://raw.githubusercontent.com/joshcanton6/card-jitsu-rscs/main/cards/Card-Jitsu_Cards_full_309.webp,,1,309
Ticket Booth,https://raw.githubusercontent.com/joshcanton6/card-jitsu-rscs/main/cards/Card-Jitsu_Cards_full_310.webp,,1,310
Ridge Run,https://raw.githubusercontent.com/joshcanton6/card-jitsu-rscs/main/cards/Card-Jitsu_Cards_full_311.webp,,1,311
Clock Tower,https://raw.githubusercontent.com/joshcanton6/card-jitsu-rscs/main/cards/Card-Jitsu_Cards_full_312.webp,,1,312
White Puffles,https://raw.githubusercontent.com/joshcanton6/card-jitsu-rscs/main/cards/Card-Jitsu_Cards_full_313.webp,,1,313
Dojo Courtyard,https://raw.githubusercontent.com/joshcanton6/card-jitsu-rscs/main/cards/Card-Jitsu_Cards_full_314.webp,,1,314
Rocking Horse,https://raw.githubusercontent.com/joshcanton6/card-jitsu-rscs/main/cards/Card-Jitsu_Cards_full_315.webp,,1,315
Penguin Style,https://raw.githubusercontent.com/joshcanton6/card-jitsu-rscs/main/cards/Card-Jitsu_Cards_full_316.webp,,1,316
Stage Director,https://raw.githubusercontent.com/joshcanton6/card-jitsu-rscs/main/cards/Card-Jitsu_Cards_full_317.webp,,1,317
Conductor,https://raw.githubusercontent.com/joshcanton6/card-jitsu-rscs/main/cards/Card-Jitsu_Cards_full_318.webp,,1,318
Beacon,https://raw.githubusercontent.com/joshcanton6/card-jitsu-rscs/main/cards/Card-Jitsu_Cards_full_319.webp,,1,319
Discovering the Underground,https://raw.githubusercontent.com/joshcanton6/card-jitsu-rscs/main/cards/Card-Jitsu_Cards_full_320.webp,,1,320
Franky,https://raw.githubusercontent.com/joshcanton6/card-jitsu-rscs/main/cards/Card-Jitsu_Cards_full_321.webp,,1,321
Petey K.,https://raw.githubusercontent.com/joshcanton6/card-jitsu-rscs/main/cards/Card-Jitsu_Cards_full_322.webp,,1,322
Boombox,https://raw.githubusercontent.com/joshcanton6/card-jitsu-rscs/main/cards/Card-Jitsu_Cards_full_323.webp,,1,323
Mild Mannered Reporter,https://raw.githubusercontent.com/joshcanton6/card-jitsu-rscs/main/cards/Card-Jitsu_Cards_full_324.webp,,1,324
The Twelfth Fish,https://raw.githubusercontent.com/joshcanton6/card-jitsu-rscs/main/cards/Card-Jitsu_Cards_full_325.webp,,1,325
April Fool's Day Party,https://raw.githubusercontent.com/joshcanton6/card-jitsu-rscs/main/cards/Card-Jitsu_Cards_full_326.webp,,1,326
Plasma Glow Wave,https://raw.githubusercontent.com/joshcanton6/card-jitsu-rscs/main/cards/Card-Jitsu_Cards_full_327.webp,,1,327
Cowbell,https://raw.githubusercontent.com/joshcanton6/card-jitsu-rscs/main/cards/Card-Jitsu_Cards_full_328.webp,,1,328
O Berry Bush,https://raw.githubusercontent.com/joshcanton6/card-jitsu-rscs/main/cards/Card-Jitsu_Cards_full_329.webp,,1,329
Chester the Time Traveler,https://raw.githubusercontent.com/joshcanton6/card-jitsu-rscs/main/cards/Card-Jitsu_Cards_full_330.webp,,1,330
101 Days of Fun,https://raw.githubusercontent.com/joshcanton6/card-jitsu-rscs/main/cards/Card-Jitsu_Cards_full_331.webp,,1,331
Color Vote,https://raw.githubusercontent.com/joshcanton6/card-jitsu-rscs/main/cards/Card-Jitsu_Cards_full_332.webp,,1,332
Christmas Party,https://raw.githubusercontent.com/joshcanton6/card-jitsu-rscs/main/cards/Card-Jitsu_Cards_full_333.webp,,1,333
Viking Opera,https://raw.githubusercontent.com/joshcanton6/card-jitsu-rscs/main/cards/Card-Jitsu_Cards_full_334.webp,,1,334
Water Balloons,https://raw.githubusercontent.com/joshcanton6/card-jitsu-rscs/main/cards/Card-Jitsu_Cards_full_335.webp,,1,335
Tuba,https://raw.githubusercontent.com/joshcanton6/card-jitsu-rscs/main/cards/Card-Jitsu_Cards_full_336.webp,,1,336
Rockhopper's Plants,https://raw.githubusercontent.com/joshcanton6/card-jitsu-rscs/main/cards/Card-Jitsu_Cards_full_337.webp,,1,337
Adventure Party,https://raw.githubusercontent.com/joshcanton6/card-jitsu-rscs/main/cards/Card-Jitsu_Cards_full_338.webp,,1,338
Penguin Play Awards,https://raw.githubusercontent.com/joshcanton6/card-jitsu-rscs/main/cards/Card-Jitsu_Cards_full_339.webp,,1,339
All-Access Pass,https://raw.githubusercontent.com/joshcanton6/card-jitsu-rscs/main/cards/Card-Jitsu_Cards_full_340.webp,,1,340
Cadence's Autograph,https://raw.githubusercontent.com/joshcanton6/card-jitsu-rscs/main/cards/Card-Jitsu_Cards_full_341.webp,,1,341
Treasure Book,https://raw.githubusercontent.com/joshcanton6/card-jitsu-rscs/main/cards/Card-Jitsu_Cards_full_342.webp,,1,342
Black Hoodie,https://raw.githubusercontent.com/joshcanton6/card-jitsu-rscs/main/cards/Card-Jitsu_Cards_full_343.webp,,1,343
Propellor Cap,https://raw.githubusercontent.com/joshcanton6/card-jitsu-rscs/main/cards/Card-Jitsu_Cards_full_344.webp,,1,344
Dessert Pizza,https://raw.githubusercontent.com/joshcanton6/card-jitsu-rscs/main/cards/Card-Jitsu_Cards_full_345.webp,,1,345
Black Electric Guitar,https://raw.githubusercontent.com/joshcanton6/card-jitsu-rscs/main/cards/Card-Jitsu_Cards_full_346.webp,,1,346
Mastering the Elements,https://raw.githubusercontent.com/joshcanton6/card-jitsu-rscs/main/cards/Card-Jitsu_Cards_full_347.webp,,1,347
Elite Penguin Force,https://raw.githubusercontent.com/joshcanton6/card-jitsu-rscs/main/cards/Card-Jitsu_Cards_full_348.webp,,1,348
Switchbox 3000,https://raw.githubusercontent.com/joshcanton6/card-jitsu-rscs/main/cards/Card-Jitsu_Cards_full_349.webp,https://raw.githubusercontent.com/joshcanton6/card-jitsu-rscs/main/powers/CJ_Discard_Red_Cards.webp,1,349
Medieval Party,https://raw.githubusercontent.com/joshcanton6/card-jitsu-rscs/main/cards/Card-Jitsu_Cards_full_350.webp,https://raw.githubusercontent.com/joshcanton6/card-jitsu-rscs/main/powers/CJ_Discard_Blue_Cards.webp,1,350
Cadence,https://raw.githubusercontent.com/joshcanton6/card-jitsu-rscs/main/cards/Card-Jitsu_Cards_full_351.webp,https://raw.githubusercontent.com/joshcanton6/card-jitsu-rscs/main/powers/CJ_-2_Power.webp,1,351
Cloud Wave,https://raw.githubusercontent.com/joshcanton6/card-jitsu-rscs/main/cards/Card-Jitsu_Cards_full_352.webp,https://raw.githubusercontent.com/joshcanton6/card-jitsu-rscs/main/powers/CJ_Discard_Green_Cards.webp,1,352
Ghost Sheet,https://raw.githubusercontent.com/joshcanton6/card-jitsu-rscs/main/cards/Card-Jitsu_Cards_full_353.webp,https://raw.githubusercontent.com/joshcanton6/card-jitsu-rscs/main/powers/CJ_-2_Power.webp,1,353
Cart Surfer,https://raw.githubusercontent.com/joshcanton6/card-jitsu-rscs/main/cards/Card-Jitsu_Cards_full_354.webp,https://raw.githubusercontent.com/joshcanton6/card-jitsu-rscs/main/powers/CJ_Discard_Purple_Cards.webp,1,354
Keytar,https://raw.githubusercontent.com/joshcanton6/card-jitsu-rscs/main/cards/Card-Jitsu_Cards_full_355.webp,https://raw.githubusercontent.com/joshcanton6/card-jitsu-rscs/main/powers/CJ_Discard_Orange_Cards.webp,1,355
X-treme Jetpack,https://raw.githubusercontent.com/joshcanton6/card-jitsu-rscs/main/cards/Card-Jitsu_Cards_full_356.webp,https://raw.githubusercontent.com/joshcanton6/card-jitsu-rscs/main/powers/CJ_2_Power.webp,1,356
Box Dimension,https://raw.githubusercontent.com/joshcanton6/card-jitsu-rscs/main/cards/Card-Jitsu_Cards_full_357.webp,https://raw.githubusercontent.com/joshcanton6/card-jitsu-rscs/main/powers/CJ_2_Power.webp,1,357
Gold Viking Helmet,https://raw.githubusercontent.com/joshcanton6/card-jitsu-rscs/main/cards/Card-Jitsu_Cards_full_358.webp,https://raw.githubusercontent.com/joshcanton6/card-jitsu-rscs/main/powers/CJ_Discard_Yellow_Cards.webp,1,358
Gary the Gadget Guy,https://raw.githubusercontent.com/joshcanton6/card-jitsu-rscs/main/cards/Card-Jitsu_Cards_full_359.webp,https://raw.githubusercontent.com/joshcanton6/card-jitsu-rscs/main/powers/CJ_2_Power.webp,1,359
Rockhopper's Cannon,https://raw.githubusercontent.com/joshcanton6/card-jitsu-rscs/main/cards/Card-Jitsu_Cards_full_360.webp,https://raw.githubusercontent.com/joshcanton6/card-jitsu-rscs/main/powers/CJ_-2_Power.webp,1,360
Multiplayer Battle,https://raw.githubusercontent.com/joshcanton6/card-jitsu-rscs/main/cards/Card-Jitsu_Cards_full_401.webp,,1,401
Fire Battle,https://raw.githubusercontent.com/joshcanton6/card-jitsu-rscs/main/cards/Card-Jitsu_Cards_full_402.webp,,1,402
Fired Up,https://raw.githubusercontent.com/joshcanton6/card-jitsu-rscs/main/cards/Card-Jitsu_Cards_full_403.webp,,1,403
Goldsmith,https://raw.githubusercontent.com/joshcanton6/card-jitsu-rscs/main/cards/Card-Jitsu_Cards_full_404.webp,,1,404
Ninja Battle Scroll,https://raw.githubusercontent.com/joshcanton6/card-jitsu-rscs/main/cards/Card-Jitsu_Cards_full_405.webp,,1,405
The Volcano Awakens,https://raw.githubusercontent.com/joshcanton6/card-jitsu-rscs/main/cards/Card-Jitsu_Cards_full_406.webp,,1,406
Prepare for Battle,https://raw.githubusercontent.com/joshcanton6/card-jitsu-rscs/main/cards/Card-Jitsu_Cards_full_407.webp,,1,407
Flying Flippers Emporium,https://raw.githubusercontent.com/joshcanton6/card-jitsu-rscs/main/cards/Card-Jitsu_Cards_full_408.webp,,1,408
Card-Jitsu Fire Duel,https://raw.githubusercontent.com/joshcanton6/card-jitsu-rscs/main/cards/Card-Jitsu_Cards_full_409.webp,,1,409
Sensei's Game Face,https://raw.githubusercontent.com/joshcanton6/card-jitsu-rscs/main/cards/Card-Jitsu_Cards_full_410.webp,,1,410
Building the Entrance,https://raw.githubusercontent.com/joshcanton6/card-jitsu-rscs/main/cards/Card-Jitsu_Cards_full_411.webp,,1,411
Amulet Inscription,https://raw.githubusercontent.com/joshcanton6/card-jitsu-rscs/main/cards/Card-Jitsu_Cards_full_412.webp,,1,412
The Quest for Fire,https://raw.githubusercontent.com/joshcanton6/card-jitsu-rscs/main/cards/Card-Jitsu_Cards_full_413.webp,,1,413
Stoking the Volcano,https://raw.githubusercontent.com/joshcanton6/card-jitsu-rscs/main/cards/Card-Jitsu_Cards_full_414.webp,,1,414
Amulet Construction,https://raw.githubusercontent.com/joshcanton6/card-jitsu-rscs/main/cards/Card-Jitsu_Cards_full_415.webp,,1,415
Fire Ninja Stance,https://raw.githubusercontent.com/joshcanton6/card-jitsu-rscs/main/cards/Card-Jitsu_Cards_full_416.webp,,1,416
Ninja Sketches,https://raw.githubusercontent.com/joshcanton6/card-jitsu-rscs/main/cards/Card-Jitsu_Cards_full_417.webp,,1,417
Fire Guardian,https://raw.githubusercontent.com/joshcanton6/card-jitsu-rscs/main/cards/Card-Jitsu_Cards_full_418.webp,,1,418
Hot Sauce Reserve,https://raw.githubusercontent.com/joshcanton6/card-jitsu-rscs/main/cards/Card-Jitsu_Cards_full_419.webp,,1,419
Fire Dojo Sketch,https://raw.githubusercontent.com/joshcanton6/card-jitsu-rscs/main/cards/Card-Jitsu_Cards_full_420.webp,,1,420
Orange Sky,https://raw.githubusercontent.com/joshcanton6/card-jitsu-rscs/main/cards/Card-Jitsu_Cards_full_421.webp,,1,421
Volcano Entrance Sketch,https://raw.githubusercontent.com/joshcanton6/card-jitsu-rscs/main/cards/Card-Jitsu_Cards_full_422.webp,,1,422
The Amulet,https://raw.githubusercontent.com/joshcanton6/card-jitsu-rscs/main/cards/Card-Jitsu_Cards_full_423.webp,,1,423
Journey to the Volcano,https://raw.githubusercontent.com/joshcanton6/card-jitsu-rscs/main/cards/Card-Jitsu_Cards_full_424.webp,,1,424
Volcano Entrance,https://raw.githubusercontent.com/joshcanton6/card-jitsu-rscs/main/cards/Card-Jitsu_Cards_full_425.webp,,1,425
Sensei's Fire Robes,https://raw.githubusercontent.com/joshcanton6/card-jitsu-rscs/main/cards/Card-Jitsu_Cards_full_426.webp,,1,426
Fire Ninja,https://raw.githubusercontent.com/joshcanton6/card-jitsu-rscs/main/cards/Card-Jitsu_Cards_full_427.webp,https://raw.githubusercontent.com/joshcanton6/card-jitsu-rscs/main/powers/CJ_Discard_Snow.webp,1,427
Monkey King,https://raw.githubusercontent.com/joshcanton6/card-jitsu-rscs/main/cards/Card-Jitsu_Cards_full_501.webp,,1,501
Jet Pack Pilot,https://raw.githubusercontent.com/joshcanton6/card-jitsu-rscs/main/cards/Card-Jitsu_Cards_full_502.webp,,1,502
Fairy Princess,https://raw.githubusercontent.com/joshcanton6/card-jitsu-rscs/main/cards/Card-Jitsu_Cards_full_503.webp,,1,503
Puffle Grooming,https://raw.githubusercontent.com/joshcanton6/card-jitsu-rscs/main/cards/Card-Jitsu_Cards_full_504.webp,,1,504
Halloween Costumes,https://raw.githubusercontent.com/joshcanton6/card-jitsu-rscs/main/cards/Card-Jitsu_Cards_full_505.webp,,1,505
Costume Show,https://raw.githubusercontent.com/joshcanton6/card-jitsu-rscs/main/cards/Card-Jitsu_Cards_full_506.webp,,1,506
Soccer Match,https://raw.githubusercontent.com/joshcanton6/card-jitsu-rscs/main/cards/Card-Jitsu_Cards_full_507.webp,,1,507
Bean Counters,https://raw.githubusercontent.com/joshcanton6/card-jitsu-rscs/main/cards/Card-Jitsu_Cards_full_508.webp,,1,508
Earth Day Recycling,https://raw.githubusercontent.com/joshcanton6/card-jitsu-rscs/main/cards/Card-Jitsu_Cards_full_509.webp,,1,509
Penguin Play Awards,https://raw.githubusercontent.com/joshcanton6/card-jitsu-rscs/main/cards/Card-Jitsu_Cards_full_510.webp,,1,510
Goal!,https://raw.githubusercontent.com/joshcanton6/card-jitsu-rscs/main/cards/Card-Jitsu_Cards_full_511.webp,,1,511
Bamboo Forest Sketch,https://raw.githubusercontent.com/joshcanton6/card-jitsu-rscs/main/cards/Card-Jitsu_Cards_full_512.webp,,1,512
The Mine Cave is Safe!,https://raw.githubusercontent.com/joshcanton6/card-jitsu-rscs/main/cards/Card-Jitsu_Cards_full_513.webp,,1,513
Mine Cave Construction,https://raw.githubusercontent.com/joshcanton6/card-jitsu-rscs/main/cards/Card-Jitsu_Cards_full_514.webp,,1,514
Guardian Dog,https://raw.githubusercontent.com/joshcanton6/card-jitsu-rscs/main/cards/Card-Jitsu_Cards_full_515.webp,,1,515
The Fair,https://raw.githubusercontent.com/joshcanton6/card-jitsu-rscs/main/cards/Card-Jitsu_Cards_full_516.webp,,1,516
Hockey Gear,https://raw.githubusercontent.com/joshcanton6/card-jitsu-rscs/main/cards/Card-Jitsu_Cards_full_517.webp,,1,517
Puffle Show,https://raw.githubusercontent.com/joshcanton6/card-jitsu-rscs/main/cards/Card-Jitsu_Cards_full_518.webp,,1,518
Holiday Gifts,https://raw.githubusercontent.com/joshcanton6/card-jitsu-rscs/main/cards/Card-Jitsu_Cards_full_519.webp,,1,519
Holiday Activities,https://raw.githubusercontent.com/joshcanton6/card-jitsu-rscs/main/cards/Card-Jitsu_Cards_full_520.webp,,1,520
Stadium,https://raw.githubusercontent.com/joshcanton6/card-jitsu-rscs/main/cards/Card-Jitsu_Cards_full_521.webp,,1,521
Igloo Items,https://raw.githubusercontent.com/joshcanton6/card-jitsu-rscs/main/cards/Card-Jitsu_Cards_full_522.webp,,1,522
Music Jam,https://raw.githubusercontent.com/joshcanton6/card-jitsu-rscs/main/cards/Card-Jitsu_Cards_full_523.webp,,1,523
Elite Penguin Sketch,https://raw.githubusercontent.com/joshcanton6/card-jitsu-rscs/main/cards/Card-Jitsu_Cards_full_524.webp,,1,524
Festival of Flight,https://raw.githubusercontent.com/joshcanton6/card-jitsu-rscs/main/cards/Card-Jitsu_Cards_full_525.webp,,1,525
Test Glider,https://raw.githubusercontent.com/joshcanton6/card-jitsu-rscs/main/cards/Card-Jitsu_Cards_full_526.webp,,1,526
Puffle Paddle,https://raw.githubusercontent.com/joshcanton6/card-jitsu-rscs/main/cards/Card-Jitsu_Cards_full_527.webp,,1,527
Fancy Formal Wear,https://raw.githubusercontent.com/joshcanton6/card-jitsu-rscs/main/cards/Card-Jitsu_Cards_full_528.webp,,1,528
The Docks,https://raw.githubusercontent.com/joshcanton6/card-jitsu-rscs/main/cards/Card-Jitsu_Cards_full_529.webp,,1,529
Orange Puffle,https://raw.githubusercontent.com/joshcanton6/card-jitsu-rscs/main/cards/Card-Jitsu_Cards_full_530.webp,,1,530
Community Tree,https://raw.githubusercontent.com/joshcanton6/card-jitsu-rscs/main/cards/Card-Jitsu_Cards_full_531.webp,,1,531
Community Garden,https://raw.githubusercontent.com/joshcanton6/card-jitsu-rscs/main/cards/Card-Jitsu_Cards_full_532.webp,,1,532
Island Adventure Party,https://raw.githubusercontent.com/joshcanton6/card-jitsu-rscs/main/cards/Card-Jitsu_Cards_full_533.webp,,1,533
Shops in Igloos,https://raw.githubusercontent.com/joshcanton6/card-jitsu-rscs/main/cards/Card-Jitsu_Cards_full_534.webp,,1,534
Seafarer's Gown,https://raw.githubusercontent.com/joshcanton6/card-jitsu-rscs/main/cards/Card-Jitsu_Cards_full_535.webp,,1,535
Music Jam Dancers,https://raw.githubusercontent.com/joshcanton6/card-jitsu-rscs/main/cards/Card-Jitsu_Cards_full_536.webp,,1,536
Music Jam Rock Stage,https://raw.githubusercontent.com/joshcanton6/card-jitsu-rscs/main/cards/Card-Jitsu_Cards_full_537.webp,,1,537
Music Jam Pop Stage,https://raw.githubusercontent.com/joshcanton6/card-jitsu-rscs/main/cards/Card-Jitsu_Cards_full_538.webp,,1,538
Underwater Adventure,https://raw.githubusercontent.com/joshcanton6/card-jitsu-rscs/main/cards/Card-Jitsu_Cards_full_539.webp,,1,539
Norman Swarm,https://raw.githubusercontent.com/joshcanton6/card-jitsu-rscs/main/cards/Card-Jitsu_Cards_full_540.webp,,1,540
Puffle Rescuer,https://raw.githubusercontent.com/joshcanton6/card-jitsu-rscs/main/cards/Card-Jitsu_Cards_full_541.webp,,1,541
Everyday Phoning Facility,https://raw.githubusercontent.com/joshcanton6/card-jitsu-rscs/main/cards/Card-Jitsu_Cards_full_542.webp,,1,542
Jet Packs,https://raw.githubusercontent.com/joshcanton6/card-jitsu-rscs/main/cards/Card-Jitsu_Cards_full_543.webp,,1,543
Pumpkin Igloo,https://raw.githubusercontent.com/joshcanton6/card-jitsu-rscs/main/cards/Card-Jitsu_Cards_full_544.webp,,1,544
Treasure Hunt Adventure,https://raw.githubusercontent.com/joshcanton6/card-jitsu-rscs/main/cards/Card-Jitsu_Cards_full_545.webp,,1,545
Destroyed PSA HQ,https://raw.githubusercontent.com/joshcanton6/card-jitsu-rscs/main/cards/Card-Jitsu_Cards_full_546.webp,,1,546
Captains,https://raw.githubusercontent.com/joshcanton6/card-jitsu-rscs/main/cards/Card-Jitsu_Cards_full_547.webp,,1,547
April Fools,https://raw.githubusercontent.com/joshcanton6/card-jitsu-rscs/main/cards/Card-Jitsu_Cards_full_548.webp,,1,548
The Great Snow Maze,https://raw.githubusercontent.com/joshcanton6/card-jitsu-rscs/main/cards/Card-Jitsu_Cards_full_549.webp,,1,549
Jacques Hammer,https://raw.githubusercontent.com/joshcanton6/card-jitsu-rscs/main/cards/Card-Jitsu_Cards_full_550.webp,,1,550
Throne of April Fools,https://raw.githubusercontent.com/joshcanton6/card-jitsu-rscs/main/cards/Card-Jitsu_Cards_full_551.webp,,1,551
The Test,https://raw.githubusercontent.com/joshcanton6/card-jitsu-rscs/main/cards/Card-Jitsu_Cards_full_552.webp,,1,552
Cloud Maker 3000,https://raw.githubusercontent.com/joshcanton6/card-jitsu-rscs/main/cards/Card-Jitsu_Cards_full_553.webp,,1,553
Super Exclusives,https://raw.githubusercontent.com/joshcanton6/card-jitsu-rscs/main/cards/Card-Jitsu_Cards_full_554.webp,,1,554
Rockslide at the Mine,https://raw.githubusercontent.com/joshcanton6/card-jitsu-rscs/main/cards/Card-Jitsu_Cards_full_555.webp,,1,555
Mer-penguins,https://raw.githubusercontent.com/joshcanton6/card-jitsu-rscs/main/cards/Card-Jitsu_Cards_full_556.webp,,1,556
Puffer Fish,https://raw.githubusercontent.com/joshcanton6/card-jitsu-rscs/main/cards/Card-Jitsu_Cards_full_557.webp,,1,557
Garden Hose,https://raw.githubusercontent.com/joshcanton6/card-jitsu-rscs/main/cards/Card-Jitsu_Cards_full_558.webp,,1,558
Fixing the Mine Shack,https://raw.githubusercontent.com/joshcanton6/card-jitsu-rscs/main/cards/Card-Jitsu_Cards_full_559.webp,,1,559
Puffle Circus,https://raw.githubusercontent.com/joshcanton6/card-jitsu-rscs/main/cards/Card-Jitsu_Cards_full_560.webp,,1,560
Puffle Day Sketch,https://raw.githubusercontent.com/joshcanton6/card-jitsu-rscs/main/cards/Card-Jitsu_Cards_full_561.webp,,1,561
Dragon Statue,https://raw.githubusercontent.com/joshcanton6/card-jitsu-rscs/main/cards/Card-Jitsu_Cards_full_562.webp,,1,562
Popcorn Party,https://raw.githubusercontent.com/joshcanton6/card-jitsu-rscs/main/cards/Card-Jitsu_Cards_full_563.webp,,1,563
White Puffle Room,https://raw.githubusercontent.com/joshcanton6/card-jitsu-rscs/main/cards/Card-Jitsu_Cards_full_564.webp,,1,564
Green Puffle Sketch,https://raw.githubusercontent.com/joshcanton6/card-jitsu-rscs/main/cards/Card-Jitsu_Cards_full_565.webp,,1,565
Fishbowl Igloo,https://raw.githubusercontent.com/joshcanton6/card-jitsu-rscs/main/cards/Card-Jitsu_Cards_full_566.webp,,1,566
Ship Battle Adventure,https://raw.githubusercontent.com/joshcanton6/card-jitsu-rscs/main/cards/Card-Jitsu_Cards_full_567.webp,,1,567
Elite Penguin Force,https://raw.githubusercontent.com/joshcanton6/card-jitsu-rscs/main/cards/Card-Jitsu_Cards_full_568.webp,,1,568
Rockhopper's Notice Board,https://raw.githubusercontent.com/joshcanton6/card-jitsu-rscs/main/cards/Card-Jitsu_Cards_full_569.webp,,1,569
The Squid Lid,https://raw.githubusercontent.com/joshcanton6/card-jitsu-rscs/main/cards/Card-Jitsu_Cards_full_570.webp,,1,570
Hidden Lake,https://raw.githubusercontent.com/joshcanton6/card-jitsu-rscs/main/cards/Card-Jitsu_Cards_full_571.webp,,1,571
Orange Puffle Wagon,https://raw.githubusercontent.com/joshcanton6/card-jitsu-rscs/main/cards/Card-Jitsu_Cards_full_572.webp,https://raw.githubusercontent.com/joshcanton6/card-jitsu-rscs/main/powers/CJ_Change_Water_to_Fire.webp,1,572
Haunted House,https://raw.githubusercontent.com/joshcanton6/card-jitsu-rscs/main/cards/Card-Jitsu_Cards_full_573.webp,https://raw.githubusercontent.com/joshcanton6/card-jitsu-rscs/main/powers/CJ_Block_Snow.webp,1,573
Fire Dragon,https://raw.githubusercontent.com/joshcanton6/card-jitsu-rscs/main/cards/Card-Jitsu_Cards_full_574.webp,https://raw.githubusercontent.com/joshcanton6/card-jitsu-rscs/main/powers/CJ_Discard_Red_Card.webp,1,574
Puffle Rescue: Underground,https://raw.githubusercontent.com/joshcanton6/card-jitsu-rscs/main/cards/Card-Jitsu_Cards_full_575.webp,https://raw.githubusercontent.com/joshcanton6/card-jitsu-rscs/main/powers/CJ_Discard_Orange_Card.webp,1,575
Double Necked Guitar,https://raw.githubusercontent.com/joshcanton6/card-jitsu-rscs/main/cards/Card-Jitsu_Cards_full_576.webp,https://raw.githubusercontent.com/joshcanton6/card-jitsu-rscs/main/powers/CJ_Block_Water.webp,1,576
Puffle Rescue: Ice Floes,https://raw.githubusercontent.com/joshcanton6/card-jitsu-rscs/main/cards/Card-Jitsu_Cards_full_577.webp,https://raw.githubusercontent.com/joshcanton6/card-jitsu-rscs/main/powers/CJ_Change_Fire_to_Snow.webp,1,577
Spy Phone,https://raw.githubusercontent.com/joshcanton6/card-jitsu-rscs/main/cards/Card-Jitsu_Cards_full_578.webp,https://raw.githubusercontent.com/joshcanton6/card-jitsu-rscs/main/powers/CJ_Discard_Purple_Card.webp,1,578
Dance Contest,https://raw.githubusercontent.com/joshcanton6/card-jitsu-rscs/main/cards/Card-Jitsu_Cards_full_579.webp,https://raw.githubusercontent.com/joshcanton6/card-jitsu-rscs/main/powers/CJ_Discard_Water.webp,1,579
Crab Costume,https://raw.githubusercontent.com/joshcanton6/card-jitsu-rscs/main/cards/Card-Jitsu_Cards_full_580.webp,https://raw.githubusercontent.com/joshcanton6/card-jitsu-rscs/main/powers/CJ_Discard_Blue_Card.webp,1,580
Puffle Washer,https://raw.githubusercontent.com/joshcanton6/card-jitsu-rscs/main/cards/Card-Jitsu_Cards_full_581.webp,https://raw.githubusercontent.com/joshcanton6/card-jitsu-rscs/main/powers/CJ_Block_Fire.webp,1,581
Green Jackhammer,https://raw.githubusercontent.com/joshcanton6/card-jitsu-rscs/main/cards/Card-Jitsu_Cards_full_582.webp,https://raw.githubusercontent.com/joshcanton6/card-jitsu-rscs/main/powers/CJ_Discard_Fire.webp,1,582
The Veggie Villain,https://raw.githubusercontent.com/joshcanton6/card-jitsu-rscs/main/cards/Card-Jitsu_Cards_full_583.webp,https://raw.githubusercontent.com/joshcanton6/card-jitsu-rscs/main/powers/CJ_Change_Snow_to_Water.webp,1,583
Island Lifter 3000,https://raw.githubusercontent.com/joshcanton6/card-jitsu-rscs/main/cards/Card-Jitsu_Cards_full_584.webp,https://raw.githubusercontent.com/joshcanton6/card-jitsu-rscs/main/powers/CJ_Change_Water_to_Fire.webp,1,584
Flare,https://raw.githubusercontent.com/joshcanton6/card-jitsu-rscs/main/cards/Card-Jitsu_Cards_full_585.webp,https://raw.githubusercontent.com/joshcanton6/card-jitsu-rscs/main/powers/CJ_Block_Snow.webp,1,585
Popcorn Device,https://raw.githubusercontent.com/joshcanton6/card-jitsu-rscs/main/cards/Card-Jitsu_Cards_full_586.webp,https://raw.githubusercontent.com/joshcanton6/card-jitsu-rscs/main/powers/CJ_Discard_Red_Card.webp,1,586
Field-Ops,https://raw.githubusercontent.com/joshcanton6/card-jitsu-rscs/main/cards/Card-Jitsu_Cards_full_587.webp,https://raw.githubusercontent.com/joshcanton6/card-jitsu-rscs/main/powers/CJ_Discard_Orange_Card.webp,1,587
Recipe for Disaster,https://raw.githubusercontent.com/joshcanton6/card-jitsu-rscs/main/cards/Card-Jitsu_Cards_full_588.webp,https://raw.githubusercontent.com/joshcanton6/card-jitsu-rscs/main/powers/CJ_Block_Water.webp,1,588
Elite Agent,https://raw.githubusercontent.com/joshcanton6/card-jitsu-rscs/main/cards/Card-Jitsu_Cards_full_589.webp,https://raw.githubusercontent.com/joshcanton6/card-jitsu-rscs/main/powers/CJ_Change_Fire_to_Snow.webp,1,589
Aunt Arctic Sketch,https://raw.githubusercontent.com/joshcanton6/card-jitsu-rscs/main/cards/Card-Jitsu_Cards_full_590.webp,https://raw.githubusercontent.com/joshcanton6/card-jitsu-rscs/main/powers/CJ_Discard_Purple_Card.webp,1,590
Yeti Cave,https://raw.githubusercontent.com/joshcanton6/card-jitsu-rscs/main/cards/Card-Jitsu_Cards_full_591.webp,https://raw.githubusercontent.com/joshcanton6/card-jitsu-rscs/main/powers/CJ_Discard_Water.webp,1,591
Shocktopus,https://raw.githubusercontent.com/joshcanton6/card-jitsu-rscs/main/cards/Card-Jitsu_Cards_full_592.webp,https://raw.githubusercontent.com/joshcanton6/card-jitsu-rscs/main/powers/CJ_Discard_Blue_Card.webp,1,592
Puffle Rescue: Underwater,https://raw.githubusercontent.com/joshcanton6/card-jitsu-rscs/main/cards/Card-Jitsu_Cards_full_593.webp,https://raw.githubusercontent.com/joshcanton6/card-jitsu-rscs/main/powers/CJ_Block_Fire.webp,1,593
Hidden Lake Lock,https://raw.githubusercontent.com/joshcanton6/card-jitsu-rscs/main/cards/Card-Jitsu_Cards_full_594.webp,https://raw.githubusercontent.com/joshcanton6/card-jitsu-rscs/main/powers/CJ_Discard_Fire.webp,1,594
Knigh't Quest,https://raw.githubusercontent.com/joshcanton6/card-jitsu-rscs/main/cards/Card-Jitsu_Cards_full_595.webp,https://raw.githubusercontent.com/joshcanton6/card-jitsu-rscs/main/powers/CJ_Change_Snow_to_Water.webp,1,595
Spooky Igloo Contest,https://raw.githubusercontent.com/joshcanton6/card-jitsu-rscs/main/cards/Card-Jitsu_Cards_full_601.webp,,1,601
Halloween Countdown,https://raw.githubusercontent.com/joshcanton6/card-jitsu-rscs/main/cards/Card-Jitsu_Cards_full_602.webp,,1,602
Stormy Skies,https://raw.githubusercontent.com/joshcanton6/card-jitsu-rscs/main/cards/Card-Jitsu_Cards_full_603.webp,,1,603
5th Anniversary Party,https://raw.githubusercontent.com/joshcanton6/card-jitsu-rscs/main/cards/Card-Jitsu_Cards_full_604.webp,,1,604
5th Anniversary Cake,https://raw.githubusercontent.com/joshcanton6/card-jitsu-rscs/main/cards/Card-Jitsu_Cards_full_605.webp,,1,605
5th Anniversary Yearbook,https://raw.githubusercontent.com/joshcanton6/card-jitsu-rscs/main/cards/Card-Jitsu_Cards_full_606.webp,,1,606
Snowball Fight!,https://raw.githubusercontent.com/joshcanton6/card-jitsu-rscs/main/cards/Card-Jitsu_Cards_full_607.webp,,1,607
Find Four,https://raw.githubusercontent.com/joshcanton6/card-jitsu-rscs/main/cards/Card-Jitsu_Cards_full_608.webp,,1,608
Cozy Ski Lodge,https://raw.githubusercontent.com/joshcanton6/card-jitsu-rscs/main/cards/Card-Jitsu_Cards_full_609.webp,,1,609
Holiday Decorations,https://raw.githubusercontent.com/joshcanton6/card-jitsu-rscs/main/cards/Card-Jitsu_Cards_full_610.webp,,1,610
Book Room Adventures,https://raw.githubusercontent.com/joshcanton6/card-jitsu-rscs/main/cards/Card-Jitsu_Cards_full_611.webp,,1,611
Holloween Forest,https://raw.githubusercontent.com/joshcanton6/card-jitsu-rscs/main/cards/Card-Jitsu_Cards_full_612.webp,,1,612
Brown Puffle Rocket,https://raw.githubusercontent.com/joshcanton6/card-jitsu-rscs/main/cards/Card-Jitsu_Cards_full_613.webp,,1,613
Fun at the Fair!,https://raw.githubusercontent.com/joshcanton6/card-jitsu-rscs/main/cards/Card-Jitsu_Cards_full_614.webp,,1,614
Ski Hill Challenge,https://raw.githubusercontent.com/joshcanton6/card-jitsu-rscs/main/cards/Card-Jitsu_Cards_full_615.webp,,1,615
Holiday Party Skating,https://raw.githubusercontent.com/joshcanton6/card-jitsu-rscs/main/cards/Card-Jitsu_Cards_full_616.webp,,1,616
Treasure!,https://raw.githubusercontent.com/joshcanton6/card-jitsu-rscs/main/cards/Card-Jitsu_Cards_full_617.webp,,1,617
Lumberjack Look,https://raw.githubusercontent.com/joshcanton6/card-jitsu-rscs/main/cards/Card-Jitsu_Cards_full_618.webp,,1,618
Pink Sparkle Snowshoes,https://raw.githubusercontent.com/joshcanton6/card-jitsu-rscs/main/cards/Card-Jitsu_Cards_full_619.webp,,1,619
Holiday Tree 2010,https://raw.githubusercontent.com/joshcanton6/card-jitsu-rscs/main/cards/Card-Jitsu_Cards_full_620.webp,,1,620
Fill the Lighthouse!,https://raw.githubusercontent.com/joshcanton6/card-jitsu-rscs/main/cards/Card-Jitsu_Cards_full_621.webp,,1,621
Wilderness Machine,https://raw.githubusercontent.com/joshcanton6/card-jitsu-rscs/main/cards/Card-Jitsu_Cards_full_622.webp,,1,622
Expedition Boat,https://raw.githubusercontent.com/joshcanton6/card-jitsu-rscs/main/cards/Card-Jitsu_Cards_full_623.webp,,1,623
Wilderness Expedition Cave,https://raw.githubusercontent.com/joshcanton6/card-jitsu-rscs/main/cards/Card-Jitsu_Cards_full_624.webp,,1,624
Water Party Prep,https://raw.githubusercontent.com/joshcanton6/card-jitsu-rscs/main/cards/Card-Jitsu_Cards_full_625.webp,,1,625
Water Dance,https://raw.githubusercontent.com/joshcanton6/card-jitsu-rscs/main/cards/Card-Jitsu_Cards_full_626.webp,,1,626
Stamp Collectors,https://raw.githubusercontent.com/joshcanton6/card-jitsu-rscs/main/cards/Card-Jitsu_Cards_full_627.webp,,1,627
Explore the Wilderness,https://raw.githubusercontent.com/joshcanton6/card-jitsu-rscs/main/cards/Card-Jitsu_Cards_full_628.webp,,1,628
Coins for Change 2010!,https://raw.githubusercontent.com/joshcanton6/card-jitsu-rscs/main/cards/Card-Jitsu_Cards_full_629.webp,,1,629
Penguin Colors,https://raw.githubusercontent.com/joshcanton6/card-jitsu-rscs/main/cards/Card-Jitsu_Cards_full_630.webp,,1,630
Fairy Fables,https://raw.githubusercontent.com/joshcanton6/card-jitsu-rscs/main/cards/Card-Jitsu_Cards_full_631.webp,,1,631
Penguins That Time Forgot,https://raw.githubusercontent.com/joshcanton6/card-jitsu-rscs/main/cards/Card-Jitsu_Cards_full_632.webp,,1,632
EPF Sketch,https://raw.githubusercontent.com/joshcanton6/card-jitsu-rscs/main/cards/Card-Jitsu_Cards_full_633.webp,,1,633
Cove Stories,https://raw.githubusercontent.com/joshcanton6/card-jitsu-rscs/main/cards/Card-Jitsu_Cards_full_634.webp,,1,634
Orange Circus Puffle,https://raw.githubusercontent.com/joshcanton6/card-jitsu-rscs/main/cards/Card-Jitsu_Cards_full_635.webp,,1,635
Hydro Hopper,https://raw.githubusercontent.com/joshcanton6/card-jitsu-rscs/main/cards/Card-Jitsu_Cards_full_636.webp,,1,636
Igloo Party!,https://raw.githubusercontent.com/joshcanton6/card-jitsu-rscs/main/cards/Card-Jitsu_Cards_full_637.webp,,1,637
Life Underwater,https://raw.githubusercontent.com/joshcanton6/card-jitsu-rscs/main/cards/Card-Jitsu_Cards_full_638.webp,,1,638
Herbert's Monologue,https://raw.githubusercontent.com/joshcanton6/card-jitsu-rscs/main/cards/Card-Jitsu_Cards_full_639.webp,,1,639
Enemy Bots,https://raw.githubusercontent.com/joshcanton6/card-jitsu-rscs/main/cards/Card-Jitsu_Cards_full_640.webp,,1,640
Paint By Letters,https://raw.githubusercontent.com/joshcanton6/card-jitsu-rscs/main/cards/Card-Jitsu_Cards_full_641.webp,,1,641
Secret Agent,https://raw.githubusercontent.com/joshcanton6/card-jitsu-rscs/main/cards/Card-Jitsu_Cards_full_642.webp,,1,642
Fireworks,https://raw.githubusercontent.com/joshcanton6/card-jitsu-rscs/main/cards/Card-Jitsu_Cards_full_643.webp,,1,643
EPF Tech Agent,https://raw.githubusercontent.com/joshcanton6/card-jitsu-rscs/main/cards/Card-Jitsu_Cards_full_644.webp,,1,644
Popcorn Explosion,https://raw.githubusercontent.com/joshcanton6/card-jitsu-rscs/main/cards/Card-Jitsu_Cards_full_645.webp,,1,645
Walk Your Puffle,https://raw.githubusercontent.com/joshcanton6/card-jitsu-rscs/main/cards/Card-Jitsu_Cards_full_646.webp,,1,646
Sumo Smash,https://raw.githubusercontent.com/joshcanton6/card-jitsu-rscs/main/cards/Card-Jitsu_Cards_full_647.webp,,1,647
Inventive Brown Puffle,https://raw.githubusercontent.com/joshcanton6/card-jitsu-rscs/main/cards/Card-Jitsu_Cards_full_648.webp,,1,648
Holiday Party Tree,https://raw.githubusercontent.com/joshcanton6/card-jitsu-rscs/main/cards/Card-Jitsu_Cards_full_649.webp,,1,649
EPF Enemies,https://raw.githubusercontent.com/joshcanton6/card-jitsu-rscs/main/cards/Card-Jitsu_Cards_full_650.webp,,1,650
Tall Tree Maze,https://raw.githubusercontent.com/joshcanton6/card-jitsu-rscs/main/cards/Card-Jitsu_Cards_full_651.webp,,1,651
Sled 'n Slide,https://raw.githubusercontent.com/joshcanton6/card-jitsu-rscs/main/cards/Card-Jitsu_Cards_full_652.webp,,1,652
Underwater at the Stage,https://raw.githubusercontent.com/joshcanton6/card-jitsu-rscs/main/cards/Card-Jitsu_Cards_full_653.webp,,1,653
Wilderness Expedition Travel,https://raw.githubusercontent.com/joshcanton6/card-jitsu-rscs/main/cards/Card-Jitsu_Cards_full_654.webp,,1,654
Catch the Mullet,https://raw.githubusercontent.com/joshcanton6/card-jitsu-rscs/main/cards/Card-Jitsu_Cards_full_655.webp,,1,655
Great Puffle Circus,https://raw.githubusercontent.com/joshcanton6/card-jitsu-rscs/main/cards/Card-Jitsu_Cards_full_656.webp,,1,656
Intense Black Puffle,https://raw.githubusercontent.com/joshcanton6/card-jitsu-rscs/main/cards/Card-Jitsu_Cards_full_657.webp,,1,657
Brown Puffle Storyboard,https://raw.githubusercontent.com/joshcanton6/card-jitsu-rscs/main/cards/Card-Jitsu_Cards_full_658.webp,,1,658
Java Jump,https://raw.githubusercontent.com/joshcanton6/card-jitsu-rscs/main/cards/Card-Jitsu_Cards_full_659.webp,,1,659
Master the Elements,https://raw.githubusercontent.com/joshcanton6/card-jitsu-rscs/main/cards/Card-Jitsu_Cards_full_660.webp,,1,660
Fairy Fables Stage,https://raw.githubusercontent.com/joshcanton6/card-jitsu-rscs/main/cards/Card-Jitsu_Cards_full_661.webp,,1,661
Creative Puffles,https://raw.githubusercontent.com/joshcanton6/card-jitsu-rscs/main/cards/Card-Jitsu_Cards_full_662.webp,,1,662
Goofy Green Puffle,https://raw.githubusercontent.com/joshcanton6/card-jitsu-rscs/main/cards/Card-Jitsu_Cards_full_663.webp,,1,663
EPF Test Room Sketch,https://raw.githubusercontent.com/joshcanton6/card-jitsu-rscs/main/cards/Card-Jitsu_Cards_full_664.webp,,1,664
Snowball Battle,https://raw.githubusercontent.com/joshcanton6/card-jitsu-rscs/main/cards/Card-Jitsu_Cards_full_665.webp,,1,665
Fabulous Purple Puffle,https://raw.githubusercontent.com/joshcanton6/card-jitsu-rscs/main/cards/Card-Jitsu_Cards_full_666.webp,,1,666
Water Party Sketch,https://raw.githubusercontent.com/joshcanton6/card-jitsu-rscs/main/cards/Card-Jitsu_Cards_full_667.webp,,1,667
Zany Orange Puffle,https://raw.githubusercontent.com/joshcanton6/card-jitsu-rscs/main/cards/Card-Jitsu_Cards_full_668.webp,,1,668
Sporty Pink Puffle,https://raw.githubusercontent.com/joshcanton6/card-jitsu-rscs/main/cards/Card-Jitsu_Cards_full_669.webp,,1,669
Wii Game Day Goal!,https://raw.githubusercontent.com/joshcanton6/card-jitsu-rscs/main/cards/Card-Jitsu_Cards_full_670.webp,,1,670
Epic White Puffle,https://raw.githubusercontent.com/joshcanton6/card-jitsu-rscs/main/cards/Card-Jitsu_Cards_full_671.webp,,1,671
Awesome Blue Puffle,https://raw.githubusercontent.com/joshcanton6/card-jitsu-rscs/main/cards/Card-Jitsu_Cards_full_672.webp,,1,672
Feed a Puffle,https://raw.githubusercontent.com/joshcanton6/card-jitsu-rscs/main/cards/Card-Jitsu_Cards_full_673.webp,,1,673
Ninja Battle,https://raw.githubusercontent.com/joshcanton6/card-jitsu-rscs/main/cards/Card-Jitsu_Cards_full_674.webp,,1,674
The Mystery of Sensei,https://raw.githubusercontent.com/joshcanton6/card-jitsu-rscs/main/cards/Card-Jitsu_Cards_full_675.webp,,1,675
Master the Elements,https://raw.githubusercontent.com/joshcanton6/card-jitsu-rscs/main/cards/Card-Jitsu_Cards_full_676.webp,,1,676
Brown Puffle,https://raw.githubusercontent.com/joshcanton6/card-jitsu-rscs/main/cards/Card-Jitsu_Cards_full_677.webp,,1,677
Fire Wave,https://raw.githubusercontent.com/joshcanton6/card-jitsu-rscs/main/cards/Card-Jitsu_Cards_full_678.webp,,1,678
Black Puffles in Cart Surfer,https://raw.githubusercontent.com/joshcanton6/card-jitsu-rscs/main/cards/Card-Jitsu_Cards_full_679.webp,,1,679
Mountain Expedition,https://raw.githubusercontent.com/joshcanton6/card-jitsu-rscs/main/cards/Card-Jitsu_Cards_full_680.webp,,1,680
Climbing the Mountain,https://raw.githubusercontent.com/joshcanton6/card-jitsu-rscs/main/cards/Card-Jitsu_Cards_full_681.webp,,1,681
Top of Toughest Mountain,https://raw.githubusercontent.com/joshcanton6/card-jitsu-rscs/main/cards/Card-Jitsu_Cards_full_682.webp,,1,682
Cart Surfer Stamps,https://raw.githubusercontent.com/joshcanton6/card-jitsu-rscs/main/cards/Card-Jitsu_Cards_full_683.webp,,1,683
Stamp Book,https://raw.githubusercontent.com/joshcanton6/card-jitsu-rscs/main/cards/Card-Jitsu_Cards_full_684.webp,,1,684
Stormy Sky,https://raw.githubusercontent.com/joshcanton6/card-jitsu-rscs/main/cards/Card-Jitsu_Cards_full_685.webp,,1,685
Water Wave Sketches,https://raw.githubusercontent.com/joshcanton6/card-jitsu-rscs/main/cards/Card-Jitsu_Cards_full_686.webp,,1,686
Storm Baffles Gary,https://raw.githubusercontent.com/joshcanton6/card-jitsu-rscs/main/cards/Card-Jitsu_Cards_full_687.webp,,1,687
Water Ninja,https://raw.githubusercontent.com/joshcanton6/card-jitsu-rscs/main/cards/Card-Jitsu_Cards_full_688.webp,,1,688
The First Rainstorm,https://raw.githubusercontent.com/joshcanton6/card-jitsu-rscs/main/cards/Card-Jitsu_Cards_full_689.webp,,1,689
Ninja Face-off,https://raw.githubusercontent.com/joshcanton6/card-jitsu-rscs/main/cards/Card-Jitsu_Cards_full_690.webp,,1,690
Earning the Water Suit,https://raw.githubusercontent.com/joshcanton6/card-jitsu-rscs/main/cards/Card-Jitsu_Cards_full_691.webp,,1,691
Water Pumping Gadget,https://raw.githubusercontent.com/joshcanton6/card-jitsu-rscs/main/cards/Card-Jitsu_Cards_full_692.webp,,1,692
Preparing the Water Dojo,https://raw.githubusercontent.com/joshcanton6/card-jitsu-rscs/main/cards/Card-Jitsu_Cards_full_693.webp,,1,693
Gate to the Water Dojo,https://raw.githubusercontent.com/joshcanton6/card-jitsu-rscs/main/cards/Card-Jitsu_Cards_full_694.webp,,1,694
Water Suit,https://raw.githubusercontent.com/joshcanton6/card-jitsu-rscs/main/cards/Card-Jitsu_Cards_full_695.webp,,1,695
Sign from the Elements,https://raw.githubusercontent.com/joshcanton6/card-jitsu-rscs/main/cards/Card-Jitsu_Cards_full_696.webp,,1,696
Sensei-Master of Water,https://raw.githubusercontent.com/joshcanton6/card-jitsu-rscs/main/cards/Card-Jitsu_Cards_full_697.webp,,1,697
Water Ninja Poster Sketch,https://raw.githubusercontent.com/joshcanton6/card-jitsu-rscs/main/cards/Card-Jitsu_Cards_full_698.webp,,1,698
Water Ninja Sketch,https://raw.githubusercontent.com/joshcanton6/card-jitsu-rscs/main/cards/Card-Jitsu_Cards_full_699.webp,,1,699
Water Beats Fire Sketch,https://raw.githubusercontent.com/joshcanton6/card-jitsu-rscs/main/cards/Card-Jitsu_Cards_full_700.webp,,1,700
Fire Ninja Force,https://raw.githubusercontent.com/joshcanton6/card-jitsu-rscs/main/cards/Card-Jitsu_Cards_full_725.webp,https://raw.githubusercontent.com/joshcanton6/card-jitsu-rscs/main/powers/CJ_Discard_Orange_Card.webp,1,725
Halloween Swamp,https://raw.githubusercontent.com/joshcanton6/card-jitsu-rscs/main/cards/Card-Jitsu_Cards_full_726.webp,https://raw.githubusercontent.com/joshcanton6/card-jitsu-rscs/main/powers/CJ_Block_Water.webp,1,726
Prepare for Pumpkins,https://raw.githubusercontent.com/joshcanton6/card-jitsu-rscs/main/cards/Card-Jitsu_Cards_full_727.webp,https://raw.githubusercontent.com/joshcanton6/card-jitsu-rscs/main/powers/CJ_Change_Snow_to_Water.webp,1,727
Finding Rockhopper,https://raw.githubusercontent.com/joshcanton6/card-jitsu-rscs/main/cards/Card-Jitsu_Cards_full_728.webp,https://raw.githubusercontent.com/joshcanton6/card-jitsu-rscs/main/powers/CJ_Discard_Purple_Card.webp,1,728
Elite Puffle: Flare,https://raw.githubusercontent.com/joshcanton6/card-jitsu-rscs/main/cards/Card-Jitsu_Cards_full_729.webp,https://raw.githubusercontent.com/joshcanton6/card-jitsu-rscs/main/powers/CJ_Discard_Water.webp,1,729
Giant Pearl,https://raw.githubusercontent.com/joshcanton6/card-jitsu-rscs/main/cards/Card-Jitsu_Cards_full_730.webp,https://raw.githubusercontent.com/joshcanton6/card-jitsu-rscs/main/powers/CJ_Discard_Blue_Card.webp,1,730
Water Stamps,https://raw.githubusercontent.com/joshcanton6/card-jitsu-rscs/main/cards/Card-Jitsu_Cards_full_731.webp,https://raw.githubusercontent.com/joshcanton6/card-jitsu-rscs/main/powers/CJ_Block_Fire.webp,1,731
EPF Agents,https://raw.githubusercontent.com/joshcanton6/card-jitsu-rscs/main/cards/Card-Jitsu_Cards_full_732.webp,https://raw.githubusercontent.com/joshcanton6/card-jitsu-rscs/main/powers/CJ_Discard_Fire.webp,1,732
Puffle Rescue,https://raw.githubusercontent.com/joshcanton6/card-jitsu-rscs/main/cards/Card-Jitsu_Cards_full_733.webp,https://raw.githubusercontent.com/joshcanton6/card-jitsu-rscs/main/powers/CJ_Change_Snow_to_Water.webp,1,733
Fire Dojo Challenge,https://raw.githubusercontent.com/joshcanton6/card-jitsu-rscs/main/cards/Card-Jitsu_Cards_full_734.webp,https://raw.githubusercontent.com/joshcanton6/card-jitsu-rscs/main/powers/CJ_Change_Water_to_Fire.webp,1,734
System Defender,https://raw.githubusercontent.com/joshcanton6/card-jitsu-rscs/main/cards/Card-Jitsu_Cards_full_735.webp,https://raw.githubusercontent.com/joshcanton6/card-jitsu-rscs/main/powers/CJ_Block_Snow.webp,1,735
Adventurous Red Puffle,https://raw.githubusercontent.com/joshcanton6/card-jitsu-rscs/main/cards/Card-Jitsu_Cards_full_736.webp,https://raw.githubusercontent.com/joshcanton6/card-jitsu-rscs/main/powers/CJ_Discard_Red_Card.webp,1,736
G and the Machine,https://raw.githubusercontent.com/joshcanton6/card-jitsu-rscs/main/cards/Card-Jitsu_Cards_full_737.webp,https://raw.githubusercontent.com/joshcanton6/card-jitsu-rscs/main/powers/CJ_Discard_Orange_Card.webp,1,737
Enemies of the System,https://raw.githubusercontent.com/joshcanton6/card-jitsu-rscs/main/cards/Card-Jitsu_Cards_full_738.webp,https://raw.githubusercontent.com/joshcanton6/card-jitsu-rscs/main/powers/CJ_Block_Water.webp,1,738
Holiday Dojo Lights,https://raw.githubusercontent.com/joshcanton6/card-jitsu-rscs/main/cards/Card-Jitsu_Cards_full_739.webp,https://raw.githubusercontent.com/joshcanton6/card-jitsu-rscs/main/powers/CJ_Change_Fire_to_Snow.webp,1,739
Wii Rollin' Riot,https://raw.githubusercontent.com/joshcanton6/card-jitsu-rscs/main/cards/Card-Jitsu_Cards_full_740.webp,https://raw.githubusercontent.com/joshcanton6/card-jitsu-rscs/main/powers/CJ_Discard_Purple_Card.webp,1,740
EPF Under Attack,https://raw.githubusercontent.com/joshcanton6/card-jitsu-rscs/main/cards/Card-Jitsu_Cards_full_741.webp,https://raw.githubusercontent.com/joshcanton6/card-jitsu-rscs/main/powers/CJ_Discard_Water.webp,1,741
Elite Comm Class Agents,https://raw.githubusercontent.com/joshcanton6/card-jitsu-rscs/main/cards/Card-Jitsu_Cards_full_742.webp,https://raw.githubusercontent.com/joshcanton6/card-jitsu-rscs/main/powers/CJ_Discard_Blue_Card.webp,1,742
Brown Puffle Cliff,https://raw.githubusercontent.com/joshcanton6/card-jitsu-rscs/main/cards/Card-Jitsu_Cards_full_743.webp,https://raw.githubusercontent.com/joshcanton6/card-jitsu-rscs/main/powers/CJ_Block_Fire.webp,1,743
Coins for Change Goal!,https://raw.githubusercontent.com/joshcanton6/card-jitsu-rscs/main/cards/Card-Jitsu_Cards_full_744.webp,https://raw.githubusercontent.com/joshcanton6/card-jitsu-rscs/main/powers/CJ_Discard_Fire.webp,1,744
Sense Water Battle,https://raw.githubusercontent.com/joshcanton6/card-jitsu-rscs/main/cards/Card-Jitsu_Cards_full_745.webp,https://raw.githubusercontent.com/joshcanton6/card-jitsu-rscs/main/powers/CJ_Block_Fire.webp,1,745
Green Puffles in Jet Pack Adventure,https://raw.githubusercontent.com/joshcanton6/card-jitsu-rscs/main/cards/Card-Jitsu_Cards_full_746.webp,https://raw.githubusercontent.com/joshcanton6/card-jitsu-rscs/main/powers/CJ_Block_Snow.webp,1,746
Water Dojo,https://raw.githubusercontent.com/joshcanton6/card-jitsu-rscs/main/cards/Card-Jitsu_Cards_full_747.webp,https://raw.githubusercontent.com/joshcanton6/card-jitsu-rscs/main/powers/CJ_Discard_Red_Card.webp,1,747
Mobile Fire,https://raw.githubusercontent.com/joshcanton6/card-jitsu-rscs/main/cards/Card-Jitsu_Cards_full_801.webp,,1,801
Mobile Snow,https://raw.githubusercontent.com/joshcanton6/card-jitsu-rscs/main/cards/Card-Jitsu_Cards_full_802.webp,,1,802
Mobile Water,https://raw.githubusercontent.com/joshcanton6/card-jitsu-rscs/main/cards/Card-Jitsu_Cards_full_803.webp,,1,803
Mobile Fire Power Card,https://raw.githubusercontent.com/joshcanton6/card-jitsu-rscs/main/cards/Card-Jitsu_Cards_full_804.webp,https://raw.githubusercontent.com/joshcanton6/card-jitsu-rscs/main/powers/CJ_2_Power.webp,1,804
